{
    "train_loss": [
        0.04014724271337679,
        0.038010330493647625,
        0.031641514903288676,
        0.02845486582034022,
        0.027624472855744552,
        0.025863608493943886,
        0.026898876826730242,
        0.02480609717270348
    ],
    "train_acc": [
        0.26744631901840493,
        0.35429447852760737,
        0.6290260736196319,
        0.6938266871165644,
        0.7118481595092024,
        0.7354294478527608,
        0.7377300613496932,
        0.7674463190184049
    ],
    "train_auc": [
        0.5205957037357773,
        0.639429698587958,
        0.8020791417093647,
        0.8495974597676266,
        0.8646198551875105,
        0.8708014721801256,
        0.8682002357412619,
        0.8904295783118039
    ],
    "val_loss": [
        0.05282116308808327,
        0.07603790611028671,
        0.14967802166938782,
        0.09467757493257523,
        0.059881675988435745,
        0.059145357459783554,
        0.05684434995055199,
        0.05431808903813362
    ],
    "val_acc": [
        0.5,
        0.75,
        0.75,
        0.5625,
        0.6875,
        0.5625,
        0.6875,
        0.75
    ],
    "val_auc": [
        0.6875,
        0.765625,
        0.703125,
        0.640625,
        0.8125,
        0.734375,
        0.8125,
        0.828125
    ],
    "learning_rates": [
        3.31342948396214e-05,
        6.545647201664486e-05,
        9.695295898969621e-05,
        9.279266768919517e-05,
        8.762156627753041e-05,
        8.156698443335879e-05,
        7.477800605568892e-05,
        6.742179832350648e-05
    ]
}