{
    "train_loss": [
        0.039767625118874335,
        0.03387532505475305,
        0.030386565104584023,
        0.029241251393558425,
        0.025198128131543932,
        0.024448273977710426,
        0.022368693070063377,
        0.019908192290415978,
        0.020796253620161236,
        0.020215799046417505,
        0.01941431854548721,
        0.0189247107436092
    ],
    "train_acc": [
        0.2906441717791411,
        0.5692101226993865,
        0.6773389570552147,
        0.6800230061349694,
        0.7423312883435583,
        0.7731978527607362,
        0.8029141104294478,
        0.8209355828220859,
        0.8100076687116564,
        0.8374233128834356,
        0.8270705521472392,
        0.8470092024539877
    ],
    "train_auc": [
        0.5627682759616078,
        0.7581523658319502,
        0.8329308412114214,
        0.8378712082942437,
        0.8888449159269682,
        0.8981047364749464,
        0.9243461066608933,
        0.9326234153616704,
        0.9274857953862068,
        0.9329736595222631,
        0.9384611387746264,
        0.9457452551057228
    ],
    "val_loss": [
        0.06615080684423447,
        0.06952332705259323,
        0.12728723883628845,
        0.10688675940036774,
        0.04861236736178398,
        0.08153679221868515,
        0.10802976787090302,
        0.24205049872398376,
        0.07570016384124756,
        0.06598127633333206,
        0.06575649976730347,
        0.08871518820524216
    ],
    "val_acc": [
        0.5,
        0.75,
        0.5,
        0.75,
        0.6875,
        0.5625,
        0.625,
        0.75,
        0.75,
        0.6875,
        0.6875,
        0.75
    ],
    "val_auc": [
        0.6875,
        0.828125,
        0.5625,
        0.71875,
        0.78125,
        0.765625,
        0.71875,
        0.65625,
        0.8125,
        0.796875,
        0.859375,
        0.828125
    ],
    "learning_rates": [
        3.31342948396214e-05,
        6.545647201664486e-05,
        9.695295898969621e-05,
        9.279266768919517e-05,
        8.762156627753041e-05,
        8.156698443335879e-05,
        7.477800605568892e-05,
        6.742179832350648e-05,
        5.967949548503157e-05,
        5.174173873137738e-05,
        4.380398197772321e-05,
        3.606167913924829e-05
    ]
}