{
    "model_type": "hybrid",
    "checkpoint_path": "C:\\Users\\Aditya\\Desktop\\Pneumonia detection\\models\\hybrid_20260104_225847\\best_model.pth",
    "split": "Test",
    "metrics": {
        "accuracy": 0.8814102564102564,
        "precision": 0.9388888888888889,
        "recall": 0.8666666666666667,
        "f1": 0.9013333333333333,
        "auc": 0.9587113740959894,
        "specificity": 0.905982905982906
    }
}