{
    "model_type": "hybrid",
    "checkpoint_path": "C:\\Users\\HP\\OneDrive\\Desktop\\pneumonia-detection-cnn-vit\\models\\hybrid_20260206_210816\\best_model.pth",
    "split": "Test",
    "metrics": {
        "accuracy": 0.7884615384615384,
        "precision": 0.7509727626459144,
        "recall": 0.9897435897435898,
        "f1": 0.8539823008849557,
        "auc": 0.9408064869603331,
        "specificity": 0.452991452991453
    }
}