{
    "train_loss": [
        0.033361236387692346,
        0.027921710877559302,
        0.0265820371844103,
        0.024571413619935145,
        0.021332822682941618,
        0.020025114883080217,
        0.019281284895045627,
        0.01810292769909088,
        0.018289036918831474,
        0.01706761888805434,
        0.017445776645848357,
        0.01817418266076343,
        0.016806100109489235,
        0.016431604079227963,
        0.016080786121232104,
        0.015564773320306115,
        0.01594098028584035,
        0.015739147315670284,
        0.017114574799565543,
        0.01431062893136376
    ],
    "train_acc": [
        0.5277990797546013,
        0.7160659509202454,
        0.7513420245398773,
        0.7894938650306749,
        0.8086656441717791,
        0.8360812883435583,
        0.8356978527607362,
        0.8581288343558282,
        0.8587039877300614,
        0.8535276073619632,
        0.8535276073619632,
        0.8567868098159509,
        0.8679064417177914,
        0.8753834355828221,
        0.8788343558282209,
        0.8811349693251533,
        0.8876533742331288,
        0.8830521472392638,
        0.8817101226993865,
        0.8981978527607362
    ],
    "train_auc": [
        0.767162396863198,
        0.8563474537538187,
        0.8852463496187245,
        0.9020931899641578,
        0.9265384041759881,
        0.9383187318082317,
        0.9460125568304827,
        0.9517965889682712,
        0.9521985999855669,
        0.9564729258377234,
        0.9589861201318226,
        0.9525438406581511,
        0.9605938755382357,
        0.9619952370642997,
        0.9655550263404777,
        0.9652063217146569,
        0.9641838781843113,
        0.9644542589786149,
        0.9613543094945997,
        0.9750728151836616
    ],
    "val_loss": [
        0.17678427696228027,
        0.1852286010980606,
        0.21957963705062866,
        0.1292458176612854,
        0.11813363432884216,
        0.06450200825929642,
        0.04101753979921341,
        0.08397326618432999,
        0.1463790088891983,
        0.029436787590384483,
        0.060530535876750946,
        0.03311276435852051,
        0.014712566509842873,
        0.038165383040905,
        0.02123284339904785,
        0.03596530854701996,
        0.02816108427941799,
        0.021907735615968704,
        0.02349984645843506,
        0.019801897928118706
    ],
    "val_acc": [
        0.6875,
        0.6875,
        0.6875,
        0.6875,
        0.6875,
        0.5625,
        0.75,
        0.625,
        0.75,
        0.875,
        0.75,
        0.8125,
        0.875,
        0.875,
        0.875,
        0.875,
        0.875,
        0.875,
        0.875,
        0.875
    ],
    "val_auc": [
        0.65625,
        0.703125,
        0.578125,
        0.8125,
        0.78125,
        0.765625,
        0.875,
        0.796875,
        0.84375,
        0.9375,
        0.875,
        0.96875,
        0.984375,
        0.953125,
        0.96875,
        0.9375,
        0.953125,
        0.96875,
        0.984375,
        0.984375
    ],
    "learning_rates": [
        3.31342948396214e-05,
        6.545647201664486e-05,
        9.695295898969621e-05,
        9.279266768919517e-05,
        8.762156627753041e-05,
        8.156698443335879e-05,
        7.477800605568892e-05,
        6.742179832350648e-05,
        5.967949548503157e-05,
        5.174173873137738e-05,
        4.380398197772321e-05,
        3.606167913924829e-05,
        2.8705471407065853e-05,
        2.191649302939598e-05,
        1.5861911185224355e-05,
        1.0690809773559599e-05,
        6.530518473058542e-06,
        3.4834774627547457e-06,
        1.6247150048712302e-06,
        1e-06
    ]
}