{
    "train_loss": [
        0.6336493606399174,
        0.4397301467284103,
        0.3769713466061405,
        0.3159717882474873,
        0.2699938612344441,
        0.24831688759471376,
        0.2154005568680222,
        0.19627491680139597,
        0.19014466090550636,
        0.15984501991780944,
        0.15803640916017941,
        0.1563532040425879,
        0.1257590187850631,
        0.1391175258204775,
        0.11211516819908598,
        0.10946698694852712,
        0.10647615160117428,
        0.10926437841448361,
        0.1173579861503523,
        0.08516838507615372
    ],
    "train_acc": [
        0.7751150306748467,
        0.8546779141104295,
        0.8899539877300614,
        0.9131518404907976,
        0.9313650306748467,
        0.9382668711656442,
        0.9488113496932515,
        0.9545628834355828,
        0.9564800613496932,
        0.9601226993865031,
        0.9658742331288344,
        0.9666411042944786,
        0.9727760736196319,
        0.9683665644171779,
        0.9768021472392638,
        0.9781441717791411,
        0.9771855828220859,
        0.9768021472392638,
        0.977760736196319,
        0.9814033742331288
    ],
    "train_auc": [
        0.8054984484376126,
        0.9289349787111207,
        0.947911284308773,
        0.964695484833177,
        0.9751891462798586,
        0.9805445142046137,
        0.9844612831060114,
        0.9874815616655843,
        0.9886624810565058,
        0.9915690264848092,
        0.9927514854105025,
        0.992925067956027,
        0.9952196483125255,
        0.9945458131870776,
        0.9960465709268481,
        0.9964706165355658,
        0.9968114310456809,
        0.9968369295903393,
        0.9964748502561882,
        0.9976235356378245
    ],
    "val_loss": [
        1.7013293504714966,
        2.2228293418884277,
        2.304474115371704,
        1.8203527927398682,
        1.3285691738128662,
        1.1110038757324219,
        1.441258192062378,
        2.0235416889190674,
        1.0678209066390991,
        1.345976710319519,
        1.3933074474334717,
        1.65203058719635,
        1.2282978296279907,
        1.0374369621276855,
        1.4332706928253174,
        1.168419599533081,
        1.323453664779663,
        1.1432162523269653,
        1.2730587720870972,
        1.254368543624878
    ],
    "val_acc": [
        0.5625,
        0.5625,
        0.625,
        0.625,
        0.6875,
        0.75,
        0.6875,
        0.625,
        0.6875,
        0.6875,
        0.75,
        0.625,
        0.6875,
        0.6875,
        0.625,
        0.6875,
        0.6875,
        0.6875,
        0.6875,
        0.6875
    ],
    "val_auc": [
        0.84375,
        0.71875,
        0.609375,
        0.8125,
        0.703125,
        0.78125,
        0.796875,
        0.765625,
        0.84375,
        0.859375,
        0.859375,
        0.84375,
        0.921875,
        0.921875,
        0.921875,
        0.90625,
        0.921875,
        0.9375,
        0.921875,
        0.921875
    ],
    "learning_rates": [
        9.939057285945931e-05,
        0.00019633255732962932,
        0.00029079732058504205,
        0.0002782324003946399,
        0.00026261462946446047,
        0.0002443285691472149,
        0.0002238244829358685,
        0.0002016072494821054,
        0.00017822393080832766,
        0.00015425030182506904,
        0.00013027667284181048,
        0.00010689335416803269,
        8.467612071426957e-05,
        6.417203450292319e-05,
        4.588597418567759e-05,
        3.026820325549818e-05,
        1.7703283065096e-05,
        8.500603650138071e-06,
        2.886765519762604e-06,
        1e-06
    ]
}