{
    "train_loss": [
        0.024893255138689754,
        0.019199078637632355,
        0.015995446033347283,
        0.014276694739951632,
        0.012564634817668117,
        0.010600461036058292,
        0.010506372270495716,
        0.009673664327768004,
        0.008961411489050927
    ],
    "train_acc": [
        0.6723542944785276,
        0.816909509202454,
        0.8537193251533742,
        0.8696319018404908,
        0.8926380368098159,
        0.8991564417177914,
        0.9008819018404908,
        0.9047162576687117,
        0.9190950920245399
    ],
    "train_auc": [
        0.8856626013326598,
        0.9413747083303264,
        0.9586328931226095,
        0.9691792836352264,
        0.976258834283515,
        0.9813529624016744,
        0.9827460489283394,
        0.9846412162324699,
        0.9862494527434991
    ],
    "val_loss": [
        0.26035210490226746,
        0.29534900188446045,
        0.15921002626419067,
        0.01766081154346466,
        0.07169611006975174,
        0.033570460975170135,
        0.06293279677629471,
        0.3588062822818756,
        0.026665665209293365
    ],
    "val_acc": [
        0.6875,
        0.5625,
        0.75,
        0.8125,
        0.75,
        0.8125,
        0.625,
        0.625,
        0.9375
    ],
    "val_auc": [
        0.640625,
        0.671875,
        0.78125,
        0.921875,
        0.921875,
        0.96875,
        0.921875,
        0.875,
        0.984375
    ],
    "learning_rates": [
        3.31342948396214e-05,
        6.545647201664486e-05,
        9.695295898969621e-05,
        9.279266768919517e-05,
        8.762156627753041e-05,
        8.156698443335879e-05,
        7.477800605568892e-05,
        6.742179832350648e-05,
        5.967949548503157e-05
    ]
}