{
    "train_loss": [
        0.08638313578361748,
        0.03845170236898278,
        0.0293698763757647,
        0.02890055369195797,
        0.025460722509834437
    ],
    "train_acc": [
        0.9384585889570553,
        0.973542944785276,
        0.977760736196319,
        0.9796779141104295,
        0.9817868098159509
    ],
    "train_auc": [
        0.9845795386206733,
        0.9959167689013975,
        0.997534627504751,
        0.9977576676048207,
        0.9978923768973563
    ],
    "val_loss": [
        0.051754869520664215,
        0.14372986555099487,
        0.16085051000118256,
        0.07477331906557083,
        0.10604504495859146
    ],
    "val_acc": [
        1.0,
        0.9375,
        0.875,
        1.0,
        0.9375
    ],
    "val_auc": [
        1.0,
        1.0,
        1.0,
        1.0,
        1.0
    ],
    "learning_rates": [
        0.0001,
        0.0001,
        0.0001,
        0.0001,
        5e-05
    ]
}