{
    "train_loss": [
        0.08609368462805447,
        0.04732958680469446
    ],
    "train_acc": [
        0.9307898773006135,
        0.9652990797546013
    ],
    "train_auc": [
        0.9833158692357653,
        0.9936686632508238
    ],
    "val_loss": [
        0.10699361562728882,
        0.04038062319159508
    ],
    "val_acc": [
        1.0,
        1.0
    ],
    "val_auc": [
        1.0,
        1.0
    ],
    "learning_rates": [
        0.0001,
        0.0001
    ]
}