{
    "train_loss": [
        0.09366759363036214,
        0.044061268849778304,
        0.034480840667648,
        0.02617260083653307,
        0.024012399777738617
    ],
    "train_acc": [
        0.9342407975460123,
        0.9670245398773006,
        0.9737346625766872,
        0.9804447852760736,
        0.9837039877300614
    ],
    "train_auc": [
        0.980642082220779,
        0.9947068870125809,
        0.9964895720574439,
        0.9977863414399462,
        0.9981664140867431
    ],
    "val_loss": [
        0.20940305292606354,
        0.020793583244085312,
        0.31381097435951233,
        0.2092750072479248,
        0.8442375063896179
    ],
    "val_acc": [
        0.9375,
        1.0,
        0.8125,
        0.9375,
        0.625
    ],
    "val_auc": [
        1.0,
        1.0,
        1.0,
        1.0,
        1.0
    ],
    "learning_rates": [
        0.0001,
        0.0001,
        0.0001,
        0.0001,
        0.0001
    ]
}