{
    "train_loss": [
        0.034677531330223464,
        0.027794875575949445,
        0.025847995522334896,
        0.023833001769530626,
        0.02033137883191094,
        0.019968551897838072,
        0.01873449215299787,
        0.01957718160094842,
        0.016917966181937992,
        0.017599135647282188,
        0.016903920384820983,
        0.01559301199208648,
        0.016018526224373764,
        0.014883744738927465,
        0.014547549416682471,
        0.015490922284101141,
        0.01454663990305428,
        0.013749455223202797,
        0.014207973534189896
    ],
    "train_acc": [
        0.5103527607361963,
        0.7241180981595092,
        0.7680214723926381,
        0.7877684049079755,
        0.8272622699386503,
        0.8441334355828221,
        0.8514187116564417,
        0.8472009202453987,
        0.870207055214724,
        0.8667561349693251,
        0.8784509202453987,
        0.8851610429447853,
        0.8828604294478528,
        0.8901457055214724,
        0.8826687116564417,
        0.8943634969325154,
        0.897430981595092,
        0.9008819018404908,
        0.89704754601227
    ],
    "train_auc": [
        0.7432183012196001,
        0.8608632941233071,
        0.8829368550191239,
        0.9053699935050876,
        0.9350712756488898,
        0.9455989993023983,
        0.9431118808784971,
        0.9414309013494986,
        0.9566436217555508,
        0.95562637415506,
        0.9608886964470422,
        0.9674076639965361,
        0.9623552957590629,
        0.9701513074017947,
        0.9682528685862739,
        0.9686773952996078,
        0.9720468595896178,
        0.9771198191046643,
        0.971731832286931
    ],
    "val_loss": [
        0.08977694064378738,
        0.12945695221424103,
        0.19263900816440582,
        0.04541061073541641,
        0.20364277064800262,
        0.034592725336551666,
        0.07334843277931213,
        0.25994548201560974,
        0.04581262171268463,
        0.0355941504240036,
        0.030305275693535805,
        0.01459017675369978,
        0.041317008435726166,
        0.017443101853132248,
        0.02325410023331642,
        0.025970181450247765,
        0.015933511778712273,
        0.01763136126101017,
        0.038860443979501724
    ],
    "val_acc": [
        0.6875,
        0.8125,
        0.6875,
        0.6875,
        0.625,
        0.6875,
        0.8125,
        0.75,
        0.8125,
        0.875,
        0.8125,
        0.875,
        0.8125,
        0.9375,
        0.875,
        0.875,
        0.9375,
        0.9375,
        0.875
    ],
    "val_auc": [
        0.703125,
        0.71875,
        0.71875,
        0.84375,
        0.84375,
        0.859375,
        0.875,
        0.734375,
        0.890625,
        0.984375,
        0.96875,
        0.953125,
        0.953125,
        0.953125,
        0.96875,
        0.96875,
        0.96875,
        0.96875,
        0.96875
    ],
    "learning_rates": [
        3.31342948396214e-05,
        6.545647201664486e-05,
        9.695295898969621e-05,
        9.279266768919517e-05,
        8.762156627753041e-05,
        8.156698443335879e-05,
        7.477800605568892e-05,
        6.742179832350648e-05,
        5.967949548503157e-05,
        5.174173873137738e-05,
        4.380398197772321e-05,
        3.606167913924829e-05,
        2.8705471407065853e-05,
        2.191649302939598e-05,
        1.5861911185224355e-05,
        1.0690809773559599e-05,
        6.530518473058542e-06,
        3.4834774627547457e-06,
        1.6247150048712302e-06
    ]
}