{
    "train_loss": [
        0.21702086927792047,
        0.10136068000406759,
        0.07583984132553308,
        0.06635893591639637,
        0.05866054874884845
    ],
    "train_acc": [
        0.8201687116564417,
        0.9290644171779141,
        0.9430598159509203,
        0.9526457055214724,
        0.9551380368098159
    ],
    "train_auc": [
        0.886863823338385,
        0.973866589689928,
        0.9849613432440885,
        0.9873653267903105,
        0.9913609006278415
    ],
    "val_loss": [
        0.6768807768821716,
        0.21163086593151093,
        0.5440946221351624,
        1.1357649564743042,
        0.19162364304065704
    ],
    "val_acc": [
        0.6875,
        0.875,
        0.75,
        0.75,
        0.9375
    ],
    "val_auc": [
        0.84375,
        0.921875,
        0.875,
        1.0,
        0.984375
    ],
    "learning_rates": [
        0.0001,
        0.0001,
        0.0001,
        0.0001,
        0.0001
    ]
}