{
    "train_loss": [
        0.09526646568617024,
        0.04197528586791474,
        0.03144915969085314,
        0.025006500462732888,
        0.02738758336975485
    ],
    "train_acc": [
        0.9279141104294478,
        0.9677914110429447,
        0.9764187116564417,
        0.9804447852760736,
        0.9798696319018405
    ],
    "train_auc": [
        0.9795347718361359,
        0.9951317986096075,
        0.9967998845348921,
        0.9980401722354527,
        0.9979997594476919
    ],
    "val_loss": [
        0.040292948484420776,
        0.13782112300395966,
        0.015666935592889786,
        0.006958089768886566,
        0.6543830633163452
    ],
    "val_acc": [
        0.9375,
        0.9375,
        1.0,
        1.0,
        0.6875
    ],
    "val_auc": [
        1.0,
        1.0,
        1.0,
        1.0,
        1.0
    ],
    "learning_rates": [
        0.0001,
        0.0001,
        0.0001,
        0.0001,
        0.0001
    ]
}